review,sentiment
This product is amazing,Positive
Very bad quality,Negative
I love this phone,Positive
Worst purchase ever,Negative
Not bad, okay product,Neutral
Excellent performance,Positive
Terrible experience,Negative
Good value for money,Positive
Waste of money,Negative
Superb and fantastic,Positive
Battery life is great,Positive
Battery drains quickly,Negative
Design looks good,Positive
Design is average,Neutral
Camera quality is awesome,Positive
Camera is not good,Negative
Very fast performance,Positive
Very slow performance,Negative
Build quality is solid,Positive
Cheap material used,Negative
Sound quality is excellent,Positive
Sound is not clear,Negative
Display is bright and clear,Positive
Display is dull,Negative
Easy to use,Positive
Hard to use,Negative
Works perfectly,Positive
Stops working sometimes,Negative
Value for money,Positive
Not worth the price,Negative
Average product,Neutral
Okay for daily use,Neutral
Highly recommended,Positive
Do not buy this,Negative
Five star product,Positive
One of the worst products,Negative
Happy with purchase,Positive
Very disappointed,Negative
Good packaging,Positive
Packaging was damaged,Negative
Performance is smooth,Positive
Laggy and slow,Negative
Very comfortable to use,Positive
Uncomfortable and bulky,Negative
Nice color and finish,Positive
Color fades quickly,Negative
Strong and durable,Positive
Breaks easily,Negative
Loved the features,Positive
Features are useless,Negative
Works as expected,Positive
Does not work properly,Negative
Affordable price,Positive
Too expensive for quality,Negative
Satisfied with product,Positive
Not satisfied at all,Negative
Quick response time,Positive
Delayed response,Negative
Perfect for daily use,Positive
Not suitable for regular use,Negative
Looks premium,Positive
Looks cheap,Negative
Good customer support,Positive
Poor customer service,Negative
Packaging was neat,Positive
Packaging was torn,Negative
Highly efficient,Positive
Consumes too much power,Negative
User friendly interface,Positive
Complicated interface,Negative
Great experience overall,Positive
Bad experience overall,Negative
Nice product,Positive
Horrible product,Negative
It is okay,Neutral
Nothing special,Neutral
Moderate performance,Neutral
Neither good nor bad,Neutral
Just average,Neutral
Works fine sometimes,Neutral
Quality is decent,Neutral
Could be better,Neutral
Normal product,Neutral
Okayish performance,Neutral
Amazing speed,Positive
Slow and laggy,Negative
Very reliable,Positive
Not reliable,Negative
Exceeded expectations,Positive
Below expectations,Negative
Feels premium,Positive
Feels low quality,Negative
Easy installation,Positive
Difficult to install,Negative
Very useful,Positive
Not useful at all,Negative
Compact and handy,Positive
Too big and heavy,Negative
Highly durable,Positive
Gets damaged easily,Negative
Loved it a lot,Positive
Regret buying this,Negative
Fantastic quality,Positive
Worst quality ever,Negative